MemberEmail,PTP
abigail.allen166@studentmail.org,MemberPassword1
abigail.allen882@ellarises.org,MemberPassword2
brooklyn.allen462@studentmail.org,MemberPassword3
camila.allen262@learners.net,MemberPassword4
camila.allen635@community.org,MemberPassword5
chloe.allen983@community.org,MemberPassword6
ella.allen540@learners.net,MemberPassword7
ethan.allen774@learners.net,MemberPassword8
hazel.allen438@learners.net,MemberPassword9
isabella.allen405@studentmail.org,MemberPassword10
jack.allen1059@community.org,MemberPassword11
jackson.allen218@community.org,MemberPassword12
jackson.allen1107@ellarises.org,MemberPassword13
james.allen180@learners.net,MemberPassword14
lucas.allen137@studentmail.org,MemberPassword15
lucy.allen15@studentmail.org,MemberPassword16
mia.allen878@learners.net,MemberPassword17
michael.allen522@community.org,MemberPassword18
mila.allen1125@studentmail.org,MemberPassword19
savannah.allen990@ellarises.org,MemberPassword20
sofia.allen682@ellarises.org,MemberPassword21
victoria.allen307@studentmail.org,MemberPassword22
william.allen969@learners.net,MemberPassword23
addison.anderson282@learners.net,MemberPassword24
alexander.anderson893@ellarises.org,MemberPassword25
avery.anderson531@community.org,MemberPassword26
bella.anderson54@studentmail.org,MemberPassword27
benjamin.anderson1024@ellarises.org,MemberPassword28
claire.anderson745@ellarises.org,MemberPassword29
daniel.anderson1084@ellarises.org,MemberPassword30
eleanor.anderson1116@community.org,MemberPassword31
emma.anderson767@learners.net,MemberPassword32
grace.anderson761@learners.net,MemberPassword33
grace.anderson1074@ellarises.org,MemberPassword34
jack.anderson44@studentmail.org,MemberPassword35
levi.anderson146@ellarises.org,MemberPassword36
mason.anderson237@studentmail.org,MemberPassword37
mia.anderson153@community.org,MemberPassword38
oliver.anderson357@learners.net,MemberPassword39
olivia.anderson1028@ellarises.org,MemberPassword40
savannah.anderson1071@community.org,MemberPassword41
sebastian.anderson155@learners.net,MemberPassword42
skylar.anderson1066@ellarises.org,MemberPassword43
sophia.anderson322@learners.net,MemberPassword44
sophia.anderson959@community.org,MemberPassword45
victoria.anderson542@learners.net,MemberPassword46
william.anderson1067@studentmail.org,MemberPassword47
zoey.anderson636@ellarises.org,MemberPassword48
aaliyah.brown434@ellarises.org,MemberPassword49
abigail.brown1029@studentmail.org,MemberPassword50
amelia.brown30@community.org,MemberPassword51
aria.brown474@ellarises.org,MemberPassword52
aria.brown475@learners.net,MemberPassword53
ava.brown392@community.org,MemberPassword54
bella.brown1069@studentmail.org,MemberPassword55
chloe.brown336@community.org,MemberPassword56
chloe.brown853@community.org,MemberPassword57
chloe.brown936@learners.net,MemberPassword58
elijah.brown145@learners.net,MemberPassword59
ella.brown251@studentmail.org,MemberPassword60
ella.brown708@studentmail.org,MemberPassword61
emily.brown1127@community.org,MemberPassword62
ethan.brown1032@studentmail.org,MemberPassword63
henry.brown865@studentmail.org,MemberPassword64
isabella.brown843@studentmail.org,MemberPassword65
jack.brown431@ellarises.org,MemberPassword66
levi.brown1128@community.org,MemberPassword67
lillian.brown247@ellarises.org,MemberPassword68
lillian.brown412@community.org,MemberPassword69
lily.brown557@studentmail.org,MemberPassword70
madison.brown228@community.org,MemberPassword71
mason.brown468@community.org,MemberPassword72
mia.brown742@learners.net,MemberPassword73
natalie.brown584@studentmail.org,MemberPassword74
natalie.brown759@ellarises.org,MemberPassword75
oliver.brown926@learners.net,MemberPassword76
paisley.brown622@community.org,MemberPassword77
penelope.brown459@studentmail.org,MemberPassword78
scarlett.brown577@ellarises.org,MemberPassword79
skylar.brown718@learners.net,MemberPassword80
sophia.brown138@community.org,MemberPassword81
sophia.brown848@studentmail.org,MemberPassword82
violet.brown587@ellarises.org,MemberPassword83
zoe.brown1043@community.org,MemberPassword84
abigail.clark32@learners.net,MemberPassword85
bella.clark430@learners.net,MemberPassword86
benjamin.clark55@studentmail.org,MemberPassword87
camila.clark445@ellarises.org,MemberPassword88
daniel.clark253@community.org,MemberPassword89
daniel.clark1155@studentmail.org,MemberPassword90
elijah.clark24@community.org,MemberPassword91
ethan.clark129@studentmail.org,MemberPassword92
grace.clark230@community.org,MemberPassword93
isabella.clark260@ellarises.org,MemberPassword94
jackson.clark321@community.org,MemberPassword95
liam.clark142@ellarises.org,MemberPassword96
lillian.clark363@community.org,MemberPassword97
lily.clark517@ellarises.org,MemberPassword98
lucas.clark563@studentmail.org,MemberPassword99
lucy.clark1052@community.org,MemberPassword100
madison.clark516@learners.net,MemberPassword101
madison.clark804@ellarises.org,MemberPassword102
mateo.clark348@community.org,MemberPassword103
michael.clark364@learners.net,MemberPassword104
michael.clark404@community.org,MemberPassword105
michael.clark409@ellarises.org,MemberPassword106
michael.clark1031@learners.net,MemberPassword107
noah.clark267@studentmail.org,MemberPassword108
noah.clark632@learners.net,MemberPassword109
nora.clark830@community.org,MemberPassword110
paisley.clark330@community.org,MemberPassword111
penelope.clark958@community.org,MemberPassword112
riley.clark934@ellarises.org,MemberPassword113
skylar.clark43@studentmail.org,MemberPassword114
skylar.clark98@community.org,MemberPassword115
sofia.clark136@ellarises.org,MemberPassword116
theodore.clark100@ellarises.org,MemberPassword117
william.clark892@community.org,MemberPassword118
aaliyah.davis1088@ellarises.org,MemberPassword119
abigail.davis808@studentmail.org,MemberPassword120
addison.davis57@community.org,MemberPassword121
aurora.davis1173@studentmail.org,MemberPassword122
bella.davis248@learners.net,MemberPassword123
camila.davis1167@ellarises.org,MemberPassword124
daniel.davis480@community.org,MemberPassword125
emily.davis616@community.org,MemberPassword126
emily.davis645@community.org,MemberPassword127
harper.davis1162@community.org,MemberPassword128
jack.davis785@learners.net,MemberPassword129
leah.davis1053@learners.net,MemberPassword130
mason.davis923@studentmail.org,MemberPassword131
mateo.davis1051@community.org,MemberPassword132
michael.davis178@learners.net,MemberPassword133
noah.davis924@ellarises.org,MemberPassword134
oliver.davis610@studentmail.org,MemberPassword135
olivia.davis14@learners.net,MemberPassword136
penelope.davis957@community.org,MemberPassword137
riley.davis716@studentmail.org,MemberPassword138
sebastian.davis1087@studentmail.org,MemberPassword139
skylar.davis1158@learners.net,MemberPassword140
theodore.davis659@studentmail.org,MemberPassword141
theodore.davis103@studentmail.org,MemberPassword142
violet.davis775@community.org,MemberPassword143
zoe.davis358@ellarises.org,MemberPassword144
zoey.davis1068@learners.net,MemberPassword145
addison.flores546@learners.net,MemberPassword146
amelia.flores89@ellarises.org,MemberPassword147
amelia.flores598@learners.net,MemberPassword148
aria.flores680@learners.net,MemberPassword149
benjamin.flores576@community.org,MemberPassword150
brooklyn.flores317@ellarises.org,MemberPassword151
brooklyn.flores360@studentmail.org,MemberPassword152
charlotte.flores482@learners.net,MemberPassword153
chloe.flores211@learners.net,MemberPassword154
chloe.flores770@studentmail.org,MemberPassword155
hannah.flores485@community.org,MemberPassword156
hazel.flores316@community.org,MemberPassword157
henry.flores58@community.org,MemberPassword158
henry.flores175@learners.net,MemberPassword159
jackson.flores547@ellarises.org,MemberPassword160
jackson.flores739@ellarises.org,MemberPassword161
kennedy.flores326@community.org,MemberPassword162
lillian.flores857@community.org,MemberPassword163
lucas.flores678@learners.net,MemberPassword164
mila.flores476@studentmail.org,MemberPassword165
noah.flores42@studentmail.org,MemberPassword166
noah.flores341@community.org,MemberPassword167
nora.flores478@community.org,MemberPassword168
oliver.flores561@community.org,MemberPassword169
penelope.flores651@studentmail.org,MemberPassword170
savannah.flores703@ellarises.org,MemberPassword171
sebastian.flores832@community.org,MemberPassword172
william.flores711@learners.net,MemberPassword173
zoey.flores1022@studentmail.org,MemberPassword174
abigail.garcia18@community.org,MemberPassword175
alexander.garcia97@community.org,MemberPassword176
alexander.garcia435@studentmail.org,MemberPassword177
alexander.garcia597@community.org,MemberPassword178
alexander.garcia727@community.org,MemberPassword179
aurora.garcia235@learners.net,MemberPassword180
chloe.garcia53@learners.net,MemberPassword181
daniel.garcia508@community.org,MemberPassword182
eleanor.garcia67@community.org,MemberPassword183
eleanor.garcia564@studentmail.org,MemberPassword184
elijah.garcia877@community.org,MemberPassword185
elizabeth.garcia403@learners.net,MemberPassword186
emily.garcia764@community.org,MemberPassword187
emily.garcia1105@ellarises.org,MemberPassword188
ethan.garcia1@community.org,MemberPassword189
evelyn.garcia139@learners.net,MemberPassword190
evelyn.garcia164@community.org,MemberPassword191
hannah.garcia914@learners.net,MemberPassword192
harper.garcia909@learners.net,MemberPassword193
hazel.garcia339@ellarises.org,MemberPassword194
hazel.garcia1133@ellarises.org,MemberPassword195
henry.garcia203@learners.net,MemberPassword196
henry.garcia933@learners.net,MemberPassword197
isabella.garcia1089@ellarises.org,MemberPassword198
leah.garcia782@ellarises.org,MemberPassword199
lucas.garcia460@community.org,MemberPassword200
lucas.garcia560@community.org,MemberPassword201
madison.garcia113@community.org,MemberPassword202
mason.garcia171@community.org,MemberPassword203
mason.garcia879@learners.net,MemberPassword204
natalie.garcia838@community.org,MemberPassword205
olivia.garcia27@studentmail.org,MemberPassword206
olivia.garcia448@ellarises.org,MemberPassword207
penelope.garcia349@learners.net,MemberPassword208
penelope.garcia846@community.org,MemberPassword209
riley.garcia186@learners.net,MemberPassword210
sofia.garcia122@learners.net,MemberPassword211
sofia.garcia679@community.org,MemberPassword212
sofia.garcia1034@studentmail.org,MemberPassword213
sophia.garcia65@community.org,MemberPassword214
sophia.garcia149@studentmail.org,MemberPassword215
victoria.garcia1166@studentmail.org,MemberPassword216
violet.garcia995@learners.net,MemberPassword217
william.garcia533@ellarises.org,MemberPassword218
abigail.gonzalez931@ellarises.org,MemberPassword219
addison.gonzalez891@learners.net,MemberPassword220
camila.gonzalez783@studentmail.org,MemberPassword221
claire.gonzalez673@studentmail.org,MemberPassword222
daniel.gonzalez344@community.org,MemberPassword223
grace.gonzalez855@learners.net,MemberPassword224
hannah.gonzalez270@ellarises.org,MemberPassword225
harper.gonzalez501@learners.net,MemberPassword226
jackson.gonzalez446@studentmail.org,MemberPassword227
james.gonzalez71@ellarises.org,MemberPassword228
layla.gonzalez898@studentmail.org,MemberPassword229
levi.gonzalez399@ellarises.org,MemberPassword230
liam.gonzalez1013@community.org,MemberPassword231
lily.gonzalez177@studentmail.org,MemberPassword232
lily.gonzalez1042@community.org,MemberPassword233
lucas.gonzalez1036@learners.net,MemberPassword234
mia.gonzalez191@ellarises.org,MemberPassword235
nora.gonzalez466@ellarises.org,MemberPassword236
nora.gonzalez479@learners.net,MemberPassword237
olivia.gonzalez535@learners.net,MemberPassword238
penelope.gonzalez777@ellarises.org,MemberPassword239
penelope.gonzalez992@studentmail.org,MemberPassword240
sebastian.gonzalez505@learners.net,MemberPassword241
sebastian.gonzalez889@ellarises.org,MemberPassword242
sofia.gonzalez372@community.org,MemberPassword243
stella.gonzalez440@studentmail.org,MemberPassword244
stella.gonzalez952@ellarises.org,MemberPassword245
zoey.gonzalez1134@community.org,MemberPassword246
abigail.harris566@learners.net,MemberPassword247
aria.harris1169@ellarises.org,MemberPassword248
ava.harris1055@learners.net,MemberPassword249
benjamin.harris1009@studentmail.org,MemberPassword250
charlotte.harris1019@studentmail.org,MemberPassword251
claire.harris140@learners.net,MemberPassword252
claire.harris1026@studentmail.org,MemberPassword253
eleanor.harris627@ellarises.org,MemberPassword254
elizabeth.harris7@learners.net,MemberPassword255
emily.harris628@studentmail.org,MemberPassword256
emma.harris187@community.org,MemberPassword257
emma.harris378@learners.net,MemberPassword258
ethan.harris107@community.org,MemberPassword259
evelyn.harris222@community.org,MemberPassword260
hazel.harris574@studentmail.org,MemberPassword261
james.harris999@studentmail.org,MemberPassword262
layla.harris388@learners.net,MemberPassword263
layla.harris1082@ellarises.org,MemberPassword264
leah.harris477@community.org,MemberPassword265
liam.harris427@ellarises.org,MemberPassword266
lily.harris646@community.org,MemberPassword267
lucas.harris710@learners.net,MemberPassword268
lucy.harris1094@studentmail.org,MemberPassword269
madison.harris709@community.org,MemberPassword270
mateo.harris592@studentmail.org,MemberPassword271
mia.harris726@studentmail.org,MemberPassword272
oliver.harris51@studentmail.org,MemberPassword273
oliver.harris62@ellarises.org,MemberPassword274
sebastian.harris593@studentmail.org,MemberPassword275
sebastian.harris1047@learners.net,MemberPassword276
sophia.harris375@community.org,MemberPassword277
victoria.harris1099@ellarises.org,MemberPassword278
amelia.hernandez28@community.org,MemberPassword279
bella.hernandez1035@studentmail.org,MemberPassword280
charlotte.hernandez420@studentmail.org,MemberPassword281
charlotte.hernandez532@community.org,MemberPassword282
chloe.hernandez209@learners.net,MemberPassword283
chloe.hernandez1021@ellarises.org,MemberPassword284
claire.hernandez583@ellarises.org,MemberPassword285
elijah.hernandez196@community.org,MemberPassword286
ella.hernandez70@learners.net,MemberPassword287
ella.hernandez890@studentmail.org,MemberPassword288
emma.hernandez895@learners.net,MemberPassword289
ethan.hernandez935@learners.net,MemberPassword290
henry.hernandez1153@learners.net,MemberPassword291
lillian.hernandez102@learners.net,MemberPassword292
lucas.hernandez1109@studentmail.org,MemberPassword293
mateo.hernandez1174@ellarises.org,MemberPassword294
oliver.hernandez453@ellarises.org,MemberPassword295
oliver.hernandez922@studentmail.org,MemberPassword296
savannah.hernandez447@ellarises.org,MemberPassword297
scarlett.hernandez647@studentmail.org,MemberPassword298
skylar.hernandez159@ellarises.org,MemberPassword299
skylar.hernandez243@community.org,MemberPassword300
stella.hernandez276@studentmail.org,MemberPassword301
aria.hill407@learners.net,MemberPassword302
aurora.hill526@community.org,MemberPassword303
benjamin.hill249@learners.net,MemberPassword304
brooklyn.hill369@ellarises.org,MemberPassword305
brooklyn.hill494@ellarises.org,MemberPassword306
brooklyn.hill1038@studentmail.org,MemberPassword307
charlotte.hill120@community.org,MemberPassword308
chloe.hill396@community.org,MemberPassword309
daniel.hill902@ellarises.org,MemberPassword310
elijah.hill13@ellarises.org,MemberPassword311
hannah.hill132@ellarises.org,MemberPassword312
hannah.hill715@ellarises.org,MemberPassword313
isabella.hill199@studentmail.org,MemberPassword314
isabella.hill1001@community.org,MemberPassword315
isabella.hill1072@learners.net,MemberPassword316
jack.hill586@studentmail.org,MemberPassword317
james.hill1149@studentmail.org,MemberPassword318
leah.hill950@learners.net,MemberPassword319
levi.hill1170@studentmail.org,MemberPassword320
madison.hill965@ellarises.org,MemberPassword321
madison.hill634@studentmail.org,MemberPassword322
mateo.hill2@ellarises.org,MemberPassword323
michael.hill439@learners.net,MemberPassword324
michael.hill1070@studentmail.org,MemberPassword325
mila.hill47@community.org,MemberPassword326
noah.hill520@studentmail.org,MemberPassword327
riley.hill666@ellarises.org,MemberPassword328
sebastian.hill305@ellarises.org,MemberPassword329
sebastian.hill602@community.org,MemberPassword330
skylar.hill1159@studentmail.org,MemberPassword331
sofia.hill850@community.org,MemberPassword332
sophia.hill1058@ellarises.org,MemberPassword333
violet.hill896@community.org,MemberPassword334
avery.jackson1111@learners.net,MemberPassword335
brooklyn.jackson233@studentmail.org,MemberPassword336
brooklyn.jackson918@studentmail.org,MemberPassword337
charlotte.jackson789@learners.net,MemberPassword338
claire.jackson239@ellarises.org,MemberPassword339
claire.jackson271@community.org,MemberPassword340
claire.jackson851@studentmail.org,MemberPassword341
eleanor.jackson154@learners.net,MemberPassword342
emily.jackson79@studentmail.org,MemberPassword343
emma.jackson519@ellarises.org,MemberPassword344
ethan.jackson195@learners.net,MemberPassword345
grace.jackson868@studentmail.org,MemberPassword346
hannah.jackson856@studentmail.org,MemberPassword347
isabella.jackson394@ellarises.org,MemberPassword348
jack.jackson220@ellarises.org,MemberPassword349
layla.jackson1016@ellarises.org,MemberPassword350
levi.jackson1078@studentmail.org,MemberPassword351
lily.jackson653@studentmail.org,MemberPassword352
lily.jackson904@community.org,MemberPassword353
lucas.jackson648@studentmail.org,MemberPassword354
madison.jackson1002@ellarises.org,MemberPassword355
mia.jackson450@learners.net,MemberPassword356
natalie.jackson805@ellarises.org,MemberPassword357
nora.jackson814@community.org,MemberPassword358
oliver.jackson274@studentmail.org,MemberPassword359
olivia.jackson779@learners.net,MemberPassword360
paisley.jackson575@learners.net,MemberPassword361
penelope.jackson234@ellarises.org,MemberPassword362
victoria.jackson714@learners.net,MemberPassword363
violet.jackson970@learners.net,MemberPassword364
violet.jackson906@studentmail.org,MemberPassword365
zoe.jackson35@studentmail.org,MemberPassword366
alexander.johnson17@ellarises.org,MemberPassword367
alexander.johnson837@ellarises.org,MemberPassword368
aria.johnson621@community.org,MemberPassword369
aurora.johnson487@learners.net,MemberPassword370
avery.johnson773@community.org,MemberPassword371
benjamin.johnson334@ellarises.org,MemberPassword372
brooklyn.johnson114@ellarises.org,MemberPassword373
brooklyn.johnson795@ellarises.org,MemberPassword374
camila.johnson836@learners.net,MemberPassword375
charlotte.johnson565@community.org,MemberPassword376
charlotte.johnson899@learners.net,MemberPassword377
daniel.johnson421@ellarises.org,MemberPassword378
eleanor.johnson1145@ellarises.org,MemberPassword379
elizabeth.johnson978@studentmail.org,MemberPassword380
ella.johnson311@learners.net,MemberPassword381
ella.johnson0@learners.net,MemberPassword382
emily.johnson755@community.org,MemberPassword383
ethan.johnson815@ellarises.org,MemberPassword384
evelyn.johnson373@ellarises.org,MemberPassword385
lily.johnson1075@community.org,MemberPassword386
lucas.johnson721@community.org,MemberPassword387
mateo.johnson1137@studentmail.org,MemberPassword388
penelope.johnson665@learners.net,MemberPassword389
riley.johnson831@studentmail.org,MemberPassword390
skylar.johnson1027@community.org,MemberPassword391
victoria.johnson852@ellarises.org,MemberPassword392
violet.johnson966@community.org,MemberPassword393
zoey.johnson437@ellarises.org,MemberPassword394
zoey.johnson888@studentmail.org,MemberPassword395
aaliyah.jones207@community.org,MemberPassword396
addison.jones1097@learners.net,MemberPassword397
amelia.jones197@community.org,MemberPassword398
amelia.jones255@community.org,MemberPassword399
aria.jones93@ellarises.org,MemberPassword400
aria.jones340@ellarises.org,MemberPassword401
ava.jones1033@community.org,MemberPassword402
benjamin.jones184@ellarises.org,MemberPassword403
charlotte.jones762@learners.net,MemberPassword404
elizabeth.jones34@studentmail.org,MemberPassword405
grace.jones133@studentmail.org,MemberPassword406
hannah.jones61@community.org,MemberPassword407
hannah.jones608@learners.net,MemberPassword408
isabella.jones900@learners.net,MemberPassword409
jack.jones143@ellarises.org,MemberPassword410
jack.jones700@learners.net,MemberPassword411
jackson.jones786@learners.net,MemberPassword412
james.jones1076@learners.net,MemberPassword413
kennedy.jones829@learners.net,MemberPassword414
kennedy.jones927@ellarises.org,MemberPassword415
levi.jones297@learners.net,MemberPassword416
lily.jones395@ellarises.org,MemberPassword417
lily.jones591@studentmail.org,MemberPassword418
mia.jones269@studentmail.org,MemberPassword419
natalie.jones386@learners.net,MemberPassword420
olivia.jones713@ellarises.org,MemberPassword421
paisley.jones8@studentmail.org,MemberPassword422
riley.jones31@ellarises.org,MemberPassword423
skylar.jones22@studentmail.org,MemberPassword424
skylar.jones168@learners.net,MemberPassword425
sophia.jones681@community.org,MemberPassword426
stella.jones188@learners.net,MemberPassword427
victoria.jones733@studentmail.org,MemberPassword428
william.jones490@studentmail.org,MemberPassword429
aaliyah.king483@studentmail.org,MemberPassword430
abigail.king1046@studentmail.org,MemberPassword431
aria.king1062@ellarises.org,MemberPassword432
avery.king740@ellarises.org,MemberPassword433
camila.king200@learners.net,MemberPassword434
charlotte.king549@community.org,MemberPassword435
charlotte.king642@studentmail.org,MemberPassword436
charlotte.king1018@ellarises.org,MemberPassword437
elizabeth.king110@community.org,MemberPassword438
elizabeth.king1100@learners.net,MemberPassword439
emma.king384@community.org,MemberPassword440
ethan.king242@community.org,MemberPassword441
grace.king511@learners.net,MemberPassword442
leah.king265@learners.net,MemberPassword443
leah.king432@learners.net,MemberPassword444
levi.king231@community.org,MemberPassword445
lucy.king657@learners.net,MemberPassword446
lucy.king864@learners.net,MemberPassword447
mila.king512@learners.net,MemberPassword448
mila.king672@learners.net,MemberPassword449
natalie.king123@learners.net,MemberPassword450
penelope.king59@community.org,MemberPassword451
riley.king706@ellarises.org,MemberPassword452
sebastian.king639@ellarises.org,MemberPassword453
sofia.king567@studentmail.org,MemberPassword454
victoria.king88@community.org,MemberPassword455
william.king524@community.org,MemberPassword456
zoe.king984@community.org,MemberPassword457
alexander.lee778@ellarises.org,MemberPassword458
aurora.lee873@ellarises.org,MemberPassword459
bella.lee849@ellarises.org,MemberPassword460
brooklyn.lee911@learners.net,MemberPassword461
camila.lee858@community.org,MemberPassword462
claire.lee162@studentmail.org,MemberPassword463
eleanor.lee99@ellarises.org,MemberPassword464
elijah.lee717@learners.net,MemberPassword465
elizabeth.lee624@community.org,MemberPassword466
emma.lee157@studentmail.org,MemberPassword467
evelyn.lee156@community.org,MemberPassword468
isabella.lee772@learners.net,MemberPassword469
jack.lee544@learners.net,MemberPassword470
james.lee289@ellarises.org,MemberPassword471
james.lee300@learners.net,MemberPassword472
james.lee692@community.org,MemberPassword473
layla.lee286@ellarises.org,MemberPassword474
layla.lee385@ellarises.org,MemberPassword475
leah.lee112@community.org,MemberPassword476
leah.lee687@community.org,MemberPassword477
liam.lee426@studentmail.org,MemberPassword478
lily.lee631@ellarises.org,MemberPassword479
madison.lee588@learners.net,MemberPassword480
mateo.lee946@learners.net,MemberPassword481
mia.lee611@studentmail.org,MemberPassword482
mia.lee771@studentmail.org,MemberPassword483
mia.lee1060@community.org,MemberPassword484
mila.lee871@studentmail.org,MemberPassword485
natalie.lee502@community.org,MemberPassword486
noah.lee594@ellarises.org,MemberPassword487
savannah.lee1144@ellarises.org,MemberPassword488
scarlett.lee929@ellarises.org,MemberPassword489
sebastian.lee823@ellarises.org,MemberPassword490
stella.lee1023@studentmail.org,MemberPassword491
stella.lee1163@community.org,MemberPassword492
theodore.lee686@ellarises.org,MemberPassword493
victoria.lee9@ellarises.org,MemberPassword494
william.lee95@learners.net,MemberPassword495
william.lee603@studentmail.org,MemberPassword496
zoe.lee273@community.org,MemberPassword497
zoey.lee165@community.org,MemberPassword498
zoey.lee488@ellarises.org,MemberPassword499
aria.lewis1006@ellarises.org,MemberPassword500
bella.lewis806@studentmail.org,MemberPassword501
benjamin.lewis884@learners.net,MemberPassword502
chloe.lewis1063@ellarises.org,MemberPassword503
elijah.lewis988@community.org,MemberPassword504
grace.lewis1146@studentmail.org,MemberPassword505
jack.lewis182@ellarises.org,MemberPassword506
james.lewis612@ellarises.org,MemberPassword507
liam.lewis912@studentmail.org,MemberPassword508
lillian.lewis744@learners.net,MemberPassword509
mila.lewis720@learners.net,MemberPassword510
oliver.lewis443@community.org,MemberPassword511
oliver.lewis780@learners.net,MemberPassword512
riley.lewis803@ellarises.org,MemberPassword513
savannah.lewis641@community.org,MemberPassword514
savannah.lewis987@learners.net,MemberPassword515
skylar.lewis391@ellarises.org,MemberPassword516
skylar.lewis629@studentmail.org,MemberPassword517
victoria.lewis776@learners.net,MemberPassword518
victoria.lewis3@learners.net,MemberPassword519
zoe.lewis20@community.org,MemberPassword520
zoey.lewis951@ellarises.org,MemberPassword521
ava.lopez737@ellarises.org,MemberPassword522
benjamin.lopez747@community.org,MemberPassword523
charlotte.lopez491@learners.net,MemberPassword524
claire.lopez76@community.org,MemberPassword525
ella.lopez643@studentmail.org,MemberPassword526
evelyn.lopez161@community.org,MemberPassword527
hazel.lopez401@learners.net,MemberPassword528
hazel.lopez1101@learners.net,MemberPassword529
henry.lopez968@studentmail.org,MemberPassword530
isabella.lopez240@community.org,MemberPassword531
isabella.lopez389@learners.net,MemberPassword532
isabella.lopez411@learners.net,MemberPassword533
jack.lopez1080@ellarises.org,MemberPassword534
james.lopez719@community.org,MemberPassword535
levi.lopez190@studentmail.org,MemberPassword536
lillian.lopez90@ellarises.org,MemberPassword537
lily.lopez174@studentmail.org,MemberPassword538
lily.lopez204@learners.net,MemberPassword539
lucy.lopez539@community.org,MemberPassword540
lucy.lopez977@learners.net,MemberPassword541
mia.lopez96@community.org,MemberPassword542
sebastian.lopez82@studentmail.org,MemberPassword543
sebastian.lopez319@studentmail.org,MemberPassword544
sofia.lopez472@learners.net,MemberPassword545
sophia.lopez989@community.org,MemberPassword546
violet.lopez452@ellarises.org,MemberPassword547
zoe.lopez807@ellarises.org,MemberPassword548
zoey.lopez244@community.org,MemberPassword549
alexander.martin1041@ellarises.org,MemberPassword550
amelia.martin351@studentmail.org,MemberPassword551
aria.martin496@learners.net,MemberPassword552
aurora.martin106@community.org,MemberPassword553
aurora.martin359@learners.net,MemberPassword554
aurora.martin424@ellarises.org,MemberPassword555
ava.martin605@studentmail.org,MemberPassword556
avery.martin50@learners.net,MemberPassword557
camila.martin303@studentmail.org,MemberPassword558
camila.martin630@studentmail.org,MemberPassword559
charlotte.martin732@ellarises.org,MemberPassword560
charlotte.martin827@community.org,MemberPassword561
daniel.martin471@learners.net,MemberPassword562
ethan.martin383@studentmail.org,MemberPassword563
evelyn.martin676@learners.net,MemberPassword564
evelyn.martin683@community.org,MemberPassword565
harper.martin206@community.org,MemberPassword566
harper.martin350@community.org,MemberPassword567
james.martin887@ellarises.org,MemberPassword568
kennedy.martin1008@community.org,MemberPassword569
lillian.martin822@ellarises.org,MemberPassword570
lillian.martin845@studentmail.org,MemberPassword571
lucy.martin425@studentmail.org,MemberPassword572
mason.martin1172@community.org,MemberPassword573
mateo.martin1175@studentmail.org,MemberPassword574
noah.martin1025@community.org,MemberPassword575
olivia.martin444@community.org,MemberPassword576
paisley.martin81@learners.net,MemberPassword577
scarlett.martin833@community.org,MemberPassword578
sofia.martin335@studentmail.org,MemberPassword579
sofia.martin33@community.org,MemberPassword580
sophia.martin617@studentmail.org,MemberPassword581
stella.martin504@community.org,MemberPassword582
theodore.martin423@community.org,MemberPassword583
zoe.martin925@learners.net,MemberPassword584
aaliyah.martinez937@community.org,MemberPassword585
abigail.martinez699@learners.net,MemberPassword586
addison.martinez907@community.org,MemberPassword587
addison.martinez361@ellarises.org,MemberPassword588
alexander.martinez29@studentmail.org,MemberPassword589
alexander.martinez398@ellarises.org,MemberPassword590
aurora.martinez875@ellarises.org,MemberPassword591
ava.martinez688@studentmail.org,MemberPassword592
ava.martinez1161@studentmail.org,MemberPassword593
benjamin.martinez433@learners.net,MemberPassword594
charlotte.martinez87@studentmail.org,MemberPassword595
claire.martinez813@learners.net,MemberPassword596
daniel.martinez498@studentmail.org,MemberPassword597
daniel.martinez1102@studentmail.org,MemberPassword598
daniel.martinez1115@community.org,MemberPassword599
ella.martinez309@learners.net,MemberPassword600
evelyn.martinez40@ellarises.org,MemberPassword601
isabella.martinez910@ellarises.org,MemberPassword602
kennedy.martinez160@studentmail.org,MemberPassword603
kennedy.martinez1048@learners.net,MemberPassword604
lillian.martinez185@learners.net,MemberPassword605
mateo.martinez308@learners.net,MemberPassword606
mateo.martinez669@studentmail.org,MemberPassword607
mila.martinez367@ellarises.org,MemberPassword608
nora.martinez16@learners.net,MemberPassword609
paisley.martinez674@studentmail.org,MemberPassword610
paisley.martinez722@learners.net,MemberPassword611
penelope.martinez4@studentmail.org,MemberPassword612
penelope.martinez735@community.org,MemberPassword613
sophia.martinez1044@learners.net,MemberPassword614
zoe.martinez318@community.org,MemberPassword615
addison.miller371@community.org,MemberPassword616
alexander.miller73@community.org,MemberPassword617
alexander.miller85@ellarises.org,MemberPassword618
alexander.miller825@studentmail.org,MemberPassword619
amelia.miller656@ellarises.org,MemberPassword620
aria.miller670@studentmail.org,MemberPassword621
aurora.miller83@studentmail.org,MemberPassword622
ava.miller56@community.org,MemberPassword623
ava.miller802@studentmail.org,MemberPassword624
benjamin.miller298@studentmail.org,MemberPassword625
charlotte.miller677@community.org,MemberPassword626
daniel.miller328@studentmail.org,MemberPassword627
elijah.miller601@studentmail.org,MemberPassword628
ella.miller128@studentmail.org,MemberPassword629
emily.miller1064@community.org,MemberPassword630
evelyn.miller859@ellarises.org,MemberPassword631
harper.miller960@ellarises.org,MemberPassword632
henry.miller962@community.org,MemberPassword633
jack.miller310@community.org,MemberPassword634
kennedy.miller1160@learners.net,MemberPassword635
liam.miller1150@studentmail.org,MemberPassword636
lucy.miller885@community.org,MemberPassword637
mia.miller743@ellarises.org,MemberPassword638
michael.miller599@ellarises.org,MemberPassword639
natalie.miller292@ellarises.org,MemberPassword640
natalie.miller623@ellarises.org,MemberPassword641
natalie.miller791@learners.net,MemberPassword642
riley.miller790@studentmail.org,MemberPassword643
sofia.miller469@community.org,MemberPassword644
sophia.miller812@ellarises.org,MemberPassword645
stella.miller876@learners.net,MemberPassword646
violet.miller25@studentmail.org,MemberPassword647
zoe.miller126@studentmail.org,MemberPassword648
abigail.moore291@studentmail.org,MemberPassword649
addison.moore470@community.org,MemberPassword650
addison.moore1124@ellarises.org,MemberPassword651
amelia.moore580@community.org,MemberPassword652
aria.moore738@community.org,MemberPassword653
aria.moore1142@studentmail.org,MemberPassword654
ava.moore134@studentmail.org,MemberPassword655
avery.moore216@community.org,MemberPassword656
avery.moore655@learners.net,MemberPassword657
bella.moore413@community.org,MemberPassword658
brooklyn.moore296@community.org,MemberPassword659
claire.moore414@community.org,MemberPassword660
daniel.moore515@studentmail.org,MemberPassword661
elijah.moore758@studentmail.org,MemberPassword662
elizabeth.moore554@studentmail.org,MemberPassword663
emily.moore75@community.org,MemberPassword664
grace.moore101@studentmail.org,MemberPassword665
grace.moore741@ellarises.org,MemberPassword666
hazel.moore379@studentmail.org,MemberPassword667
henry.moore930@ellarises.org,MemberPassword668
isabella.moore953@community.org,MemberPassword669
jack.moore285@ellarises.org,MemberPassword670
jackson.moore810@learners.net,MemberPassword671
lillian.moore552@community.org,MemberPassword672
lucas.moore246@learners.net,MemberPassword673
michael.moore74@community.org,MemberPassword674
savannah.moore562@community.org,MemberPassword675
savannah.moore1141@ellarises.org,MemberPassword676
scarlett.moore37@learners.net,MemberPassword677
sebastian.moore1117@ellarises.org,MemberPassword678
theodore.moore751@ellarises.org,MemberPassword679
william.moore503@learners.net,MemberPassword680
bella.nguyen1005@studentmail.org,MemberPassword681
camila.nguyen781@ellarises.org,MemberPassword682
claire.nguyen998@ellarises.org,MemberPassword683
claire.nguyen1077@ellarises.org,MemberPassword684
elijah.nguyen528@learners.net,MemberPassword685
elizabeth.nguyen801@ellarises.org,MemberPassword686
elizabeth.nguyen828@learners.net,MemberPassword687
emily.nguyen690@ellarises.org,MemberPassword688
emma.nguyen441@studentmail.org,MemberPassword689
grace.nguyen252@community.org,MemberPassword690
grace.nguyen799@studentmail.org,MemberPassword691
hannah.nguyen869@ellarises.org,MemberPassword692
hannah.nguyen944@learners.net,MemberPassword693
hannah.nguyen1093@learners.net,MemberPassword694
hannah.nguyen1140@ellarises.org,MemberPassword695
harper.nguyen493@ellarises.org,MemberPassword696
harper.nguyen967@studentmail.org,MemberPassword697
jack.nguyen824@ellarises.org,MemberPassword698
jackson.nguyen819@community.org,MemberPassword699
layla.nguyen705@studentmail.org,MemberPassword700
leah.nguyen551@ellarises.org,MemberPassword701
levi.nguyen304@community.org,MemberPassword702
liam.nguyen506@studentmail.org,MemberPassword703
liam.nguyen921@community.org,MemberPassword704
lucy.nguyen92@studentmail.org,MemberPassword705
madison.nguyen21@studentmail.org,MemberPassword706
natalie.nguyen513@ellarises.org,MemberPassword707
natalie.nguyen607@studentmail.org,MemberPassword708
oliver.nguyen227@learners.net,MemberPassword709
penelope.nguyen585@ellarises.org,MemberPassword710
penelope.nguyen800@learners.net,MemberPassword711
victoria.nguyen752@studentmail.org,MemberPassword712
william.nguyen52@learners.net,MemberPassword713
zoey.nguyen976@learners.net,MemberPassword714
alexander.perez500@learners.net,MemberPassword715
aurora.perez333@studentmail.org,MemberPassword716
ava.perez872@ellarises.org,MemberPassword717
benjamin.perez463@community.org,MemberPassword718
claire.perez947@studentmail.org,MemberPassword719
elizabeth.perez181@studentmail.org,MemberPassword720
henry.perez299@community.org,MemberPassword721
lily.perez312@community.org,MemberPassword722
noah.perez792@studentmail.org,MemberPassword723
nora.perez748@studentmail.org,MemberPassword724
oliver.perez1119@ellarises.org,MemberPassword725
olivia.perez362@ellarises.org,MemberPassword726
paisley.perez60@learners.net,MemberPassword727
scarlett.perez169@ellarises.org,MemberPassword728
sebastian.perez663@community.org,MemberPassword729
sophia.perez353@community.org,MemberPassword730
stella.perez1057@ellarises.org,MemberPassword731
stella.perez997@studentmail.org,MemberPassword732
zoe.perez223@learners.net,MemberPassword733
zoe.perez1056@learners.net,MemberPassword734
addison.ramirez158@community.org,MemberPassword735
addison.ramirez638@community.org,MemberPassword736
amelia.ramirez920@studentmail.org,MemberPassword737
aria.ramirez179@ellarises.org,MemberPassword738
aurora.ramirez1050@studentmail.org,MemberPassword739
charlotte.ramirez971@learners.net,MemberPassword740
daniel.ramirez881@community.org,MemberPassword741
elizabeth.ramirez821@learners.net,MemberPassword742
henry.ramirez151@community.org,MemberPassword743
henry.ramirez1037@community.org,MemberPassword744
isabella.ramirez753@community.org,MemberPassword745
kennedy.ramirez152@ellarises.org,MemberPassword746
kennedy.ramirez1061@community.org,MemberPassword747
leah.ramirez290@studentmail.org,MemberPassword748
levi.ramirez723@community.org,MemberPassword749
levi.ramirez1085@learners.net,MemberPassword750
liam.ramirez492@learners.net,MemberPassword751
lily.ramirez387@community.org,MemberPassword752
mason.ramirez183@ellarises.org,MemberPassword753
mateo.ramirez280@studentmail.org,MemberPassword754
natalie.ramirez826@studentmail.org,MemberPassword755
penelope.ramirez1104@studentmail.org,MemberPassword756
victoria.ramirez147@ellarises.org,MemberPassword757
alexander.robinson867@community.org,MemberPassword758
alexander.robinson1007@community.org,MemberPassword759
aria.robinson811@ellarises.org,MemberPassword760
ava.robinson917@learners.net,MemberPassword761
bella.robinson835@community.org,MemberPassword762
claire.robinson1014@community.org,MemberPassword763
ella.robinson124@ellarises.org,MemberPassword764
harper.robinson127@learners.net,MemberPassword765
henry.robinson816@ellarises.org,MemberPassword766
jack.robinson650@community.org,MemberPassword767
jack.robinson972@learners.net,MemberPassword768
james.robinson712@studentmail.org,MemberPassword769
layla.robinson550@ellarises.org,MemberPassword770
levi.robinson214@studentmail.org,MemberPassword771
levi.robinson886@community.org,MemberPassword772
lily.robinson866@community.org,MemberPassword773
mateo.robinson219@studentmail.org,MemberPassword774
michael.robinson730@studentmail.org,MemberPassword775
nora.robinson315@ellarises.org,MemberPassword776
nora.robinson582@ellarises.org,MemberPassword777
nora.robinson644@ellarises.org,MemberPassword778
olivia.robinson117@learners.net,MemberPassword779
olivia.robinson649@community.org,MemberPassword780
penelope.robinson26@studentmail.org,MemberPassword781
riley.robinson696@community.org,MemberPassword782
sophia.robinson302@studentmail.org,MemberPassword783
sophia.robinson756@community.org,MemberPassword784
theodore.robinson749@community.org,MemberPassword785
violet.robinson521@ellarises.org,MemberPassword786
violet.robinson541@community.org,MemberPassword787
aria.rodriguez980@studentmail.org,MemberPassword788
daniel.rodriguez105@ellarises.org,MemberPassword789
daniel.rodriguez225@learners.net,MemberPassword790
daniel.rodriguez509@community.org,MemberPassword791
eleanor.rodriguez121@ellarises.org,MemberPassword792
eleanor.rodriguez704@learners.net,MemberPassword793
ethan.rodriguez257@learners.net,MemberPassword794
ethan.rodriguez734@learners.net,MemberPassword795
ethan.rodriguez766@community.org,MemberPassword796
harper.rodriguez955@learners.net,MemberPassword797
harper.rodriguez963@ellarises.org,MemberPassword798
hazel.rodriguez377@community.org,MemberPassword799
hazel.rodriguez1121@ellarises.org,MemberPassword800
henry.rodriguez1015@community.org,MemberPassword801
jack.rodriguez693@studentmail.org,MemberPassword802
james.rodriguez170@ellarises.org,MemberPassword803
liam.rodriguez416@ellarises.org,MemberPassword804
lucy.rodriguez11@studentmail.org,MemberPassword805
mia.rodriguez736@ellarises.org,MemberPassword806
mia.rodriguez820@learners.net,MemberPassword807
mila.rodriguez293@ellarises.org,MemberPassword808
mila.rodriguez633@studentmail.org,MemberPassword809
olivia.rodriguez451@studentmail.org,MemberPassword810
penelope.rodriguez210@learners.net,MemberPassword811
penelope.rodriguez982@community.org,MemberPassword812
riley.rodriguez208@community.org,MemberPassword813
riley.rodriguez245@community.org,MemberPassword814
sebastian.rodriguez84@learners.net,MemberPassword815
skylar.rodriguez39@learners.net,MemberPassword816
skylar.rodriguez905@ellarises.org,MemberPassword817
skylar.rodriguez1164@studentmail.org,MemberPassword818
sofia.rodriguez614@community.org,MemberPassword819
sofia.rodriguez694@ellarises.org,MemberPassword820
theodore.rodriguez862@ellarises.org,MemberPassword821
victoria.rodriguez12@community.org,MemberPassword822
william.rodriguez695@ellarises.org,MemberPassword823
william.rodriguez817@learners.net,MemberPassword824
zoey.rodriguez406@ellarises.org,MemberPassword825
aaliyah.sanchez366@learners.net,MemberPassword826
alexander.sanchez949@ellarises.org,MemberPassword827
bella.sanchez400@community.org,MemberPassword828
brooklyn.sanchez94@learners.net,MemberPassword829
camila.sanchez365@ellarises.org,MemberPassword830
emily.sanchez945@ellarises.org,MemberPassword831
hazel.sanchez534@learners.net,MemberPassword832
kennedy.sanchez215@studentmail.org,MemberPassword833
liam.sanchez993@ellarises.org,MemberPassword834
mila.sanchez461@community.org,MemberPassword835
noah.sanchez1003@studentmail.org,MemberPassword836
penelope.sanchez529@studentmail.org,MemberPassword837
riley.sanchez1086@ellarises.org,MemberPassword838
riley.sanchez1114@learners.net,MemberPassword839
sebastian.sanchez484@ellarises.org,MemberPassword840
stella.sanchez370@ellarises.org,MemberPassword841
stella.sanchez537@community.org,MemberPassword842
violet.sanchez64@studentmail.org,MemberPassword843
william.sanchez313@ellarises.org,MemberPassword844
zoey.sanchez45@learners.net,MemberPassword845
zoey.sanchez1138@community.org,MemberPassword846
aaliyah.scott664@ellarises.org,MemberPassword847
abigail.scott295@studentmail.org,MemberPassword848
abigail.scott754@ellarises.org,MemberPassword849
addison.scott343@learners.net,MemberPassword850
alexander.scott78@studentmail.org,MemberPassword851
amelia.scott264@studentmail.org,MemberPassword852
amelia.scott964@ellarises.org,MemberPassword853
aurora.scott1106@community.org,MemberPassword854
ava.scott573@learners.net,MemberPassword855
charlotte.scott499@community.org,MemberPassword856
daniel.scott606@studentmail.org,MemberPassword857
ella.scott141@studentmail.org,MemberPassword858
harper.scott760@studentmail.org,MemberPassword859
hazel.scott1139@community.org,MemberPassword860
jack.scott80@learners.net,MemberPassword861
jackson.scott275@learners.net,MemberPassword862
jackson.scott323@ellarises.org,MemberPassword863
james.scott408@learners.net,MemberPassword864
kennedy.scott675@learners.net,MemberPassword865
leah.scott283@community.org,MemberPassword866
leah.scott1039@community.org,MemberPassword867
mason.scott768@community.org,MemberPassword868
mila.scott903@ellarises.org,MemberPassword869
paisley.scott236@learners.net,MemberPassword870
penelope.scott77@ellarises.org,MemberPassword871
sofia.scott144@ellarises.org,MemberPassword872
sofia.scott861@ellarises.org,MemberPassword873
aaliyah.smith456@studentmail.org,MemberPassword874
aurora.smith619@learners.net,MemberPassword875
ava.smith1040@learners.net,MemberPassword876
avery.smith854@community.org,MemberPassword877
brooklyn.smith571@ellarises.org,MemberPassword878
camila.smith238@studentmail.org,MemberPassword879
camila.smith948@community.org,MemberPassword880
charlotte.smith277@community.org,MemberPassword881
charlotte.smith691@learners.net,MemberPassword882
claire.smith661@ellarises.org,MemberPassword883
eleanor.smith254@studentmail.org,MemberPassword884
eleanor.smith481@learners.net,MemberPassword885
elizabeth.smith337@studentmail.org,MemberPassword886
elizabeth.smith1054@ellarises.org,MemberPassword887
ella.smith671@learners.net,MemberPassword888
hannah.smith660@studentmail.org,MemberPassword889
henry.smith578@studentmail.org,MemberPassword890
james.smith125@learners.net,MemberPassword891
james.smith604@ellarises.org,MemberPassword892
leah.smith581@ellarises.org,MemberPassword893
lily.smith1045@ellarises.org,MemberPassword894
mason.smith36@learners.net,MemberPassword895
mia.smith860@learners.net,MemberPassword896
michael.smith527@community.org,MemberPassword897
olivia.smith338@learners.net,MemberPassword898
olivia.smith1152@ellarises.org,MemberPassword899
sebastian.smith572@community.org,MemberPassword900
sofia.smith135@learners.net,MemberPassword901
sophia.smith1020@learners.net,MemberPassword902
theodore.smith757@ellarises.org,MemberPassword903
victoria.smith258@ellarises.org,MemberPassword904
victoria.smith464@learners.net,MemberPassword905
william.smith1118@learners.net,MemberPassword906
alexander.taylor901@learners.net,MemberPassword907
avery.taylor798@ellarises.org,MemberPassword908
camila.taylor589@ellarises.org,MemberPassword909
chloe.taylor19@community.org,MemberPassword910
elijah.taylor118@community.org,MemberPassword911
elizabeth.taylor449@studentmail.org,MemberPassword912
ethan.taylor397@learners.net,MemberPassword913
jack.taylor111@learners.net,MemberPassword914
jack.taylor192@ellarises.org,MemberPassword915
levi.taylor530@learners.net,MemberPassword916
lily.taylor355@ellarises.org,MemberPassword917
lily.taylor834@studentmail.org,MemberPassword918
lily.taylor847@ellarises.org,MemberPassword919
lucas.taylor325@learners.net,MemberPassword920
mason.taylor281@learners.net,MemberPassword921
mason.taylor839@community.org,MemberPassword922
noah.taylor841@ellarises.org,MemberPassword923
olivia.taylor347@studentmail.org,MemberPassword924
sofia.taylor429@studentmail.org,MemberPassword925
stella.taylor232@community.org,MemberPassword926
theodore.taylor402@studentmail.org,MemberPassword927
victoria.taylor422@learners.net,MemberPassword928
aria.thomas115@community.org,MemberPassword929
ava.thomas1090@learners.net,MemberPassword930
brooklyn.thomas880@community.org,MemberPassword931
charlotte.thomas261@ellarises.org,MemberPassword932
claire.thomas263@learners.net,MemberPassword933
elizabeth.thomas940@studentmail.org,MemberPassword934
ethan.thomas685@studentmail.org,MemberPassword935
evelyn.thomas390@learners.net,MemberPassword936
hannah.thomas250@ellarises.org,MemberPassword937
hannah.thomas974@community.org,MemberPassword938
hazel.thomas707@community.org,MemberPassword939
hazel.thomas840@community.org,MemberPassword940
isabella.thomas1030@community.org,MemberPassword941
jack.thomas23@community.org,MemberPassword942
jack.thomas266@studentmail.org,MemberPassword943
jack.thomas842@learners.net,MemberPassword944
jack.thomas961@learners.net,MemberPassword945
jackson.thomas667@learners.net,MemberPassword946
layla.thomas874@community.org,MemberPassword947
levi.thomas213@community.org,MemberPassword948
liam.thomas1081@ellarises.org,MemberPassword949
lucy.thomas543@learners.net,MemberPassword950
lucy.thomas915@learners.net,MemberPassword951
madison.thomas259@community.org,MemberPassword952
mason.thomas615@studentmail.org,MemberPassword953
oliver.thomas217@studentmail.org,MemberPassword954
oliver.thomas1129@learners.net,MemberPassword955
oliver.thomas1168@studentmail.org,MemberPassword956
olivia.thomas1122@ellarises.org,MemberPassword957
sofia.thomas329@studentmail.org,MemberPassword958
sophia.thomas418@learners.net,MemberPassword959
zoe.thomas1103@community.org,MemberPassword960
aaliyah.thompson382@ellarises.org,MemberPassword961
amelia.thompson163@ellarises.org,MemberPassword962
amelia.thompson1113@ellarises.org,MemberPassword963
aria.thompson1156@learners.net,MemberPassword964
ava.thompson1143@learners.net,MemberPassword965
benjamin.thompson332@ellarises.org,MemberPassword966
camila.thompson788@studentmail.org,MemberPassword967
charlotte.thompson320@ellarises.org,MemberPassword968
emily.thompson294@ellarises.org,MemberPassword969
emma.thompson626@learners.net,MemberPassword970
ethan.thompson131@ellarises.org,MemberPassword971
hazel.thompson342@community.org,MemberPassword972
henry.thompson1017@studentmail.org,MemberPassword973
jack.thompson428@learners.net,MemberPassword974
jackson.thompson352@learners.net,MemberPassword975
kennedy.thompson419@studentmail.org,MemberPassword976
kennedy.thompson538@learners.net,MemberPassword977
leah.thompson525@ellarises.org,MemberPassword978
levi.thompson794@learners.net,MemberPassword979
mateo.thompson288@ellarises.org,MemberPassword980
mateo.thompson916@ellarises.org,MemberPassword981
mia.thompson72@community.org,MemberPassword982
violet.thompson148@ellarises.org,MemberPassword983
addison.torres600@studentmail.org,MemberPassword984
ava.torres697@community.org,MemberPassword985
avery.torres724@learners.net,MemberPassword986
benjamin.torres569@community.org,MemberPassword987
brooklyn.torres702@learners.net,MemberPassword988
camila.torres1091@community.org,MemberPassword989
chloe.torres750@studentmail.org,MemberPassword990
claire.torres150@ellarises.org,MemberPassword991
ella.torres69@studentmail.org,MemberPassword992
ethan.torres818@community.org,MemberPassword993
hannah.torres10@learners.net,MemberPassword994
hazel.torres48@studentmail.org,MemberPassword995
isabella.torres609@community.org,MemberPassword996
leah.torres986@studentmail.org,MemberPassword997
levi.torres454@community.org,MemberPassword998
lillian.torres287@community.org,MemberPassword999
mia.torres306@community.org,MemberPassword1000
mia.torres518@studentmail.org,MemberPassword1001
natalie.torres6@studentmail.org,MemberPassword1002
natalie.torres1079@ellarises.org,MemberPassword1003
nora.torres559@studentmail.org,MemberPassword1004
olivia.torres1171@community.org,MemberPassword1005
skylar.torres284@ellarises.org,MemberPassword1006
skylar.torres1000@community.org,MemberPassword1007
stella.torres119@learners.net,MemberPassword1008
zoey.torres590@studentmail.org,MemberPassword1009
zoey.torres1148@community.org,MemberPassword1010
abigail.walker613@ellarises.org,MemberPassword1011
addison.walker457@learners.net,MemberPassword1012
amelia.walker380@learners.net,MemberPassword1013
amelia.walker943@learners.net,MemberPassword1014
daniel.walker701@learners.net,MemberPassword1015
eleanor.walker86@ellarises.org,MemberPassword1016
eleanor.walker1065@ellarises.org,MemberPassword1017
emma.walker731@ellarises.org,MemberPassword1018
evelyn.walker746@community.org,MemberPassword1019
grace.walker994@studentmail.org,MemberPassword1020
harper.walker939@ellarises.org,MemberPassword1021
leah.walker928@studentmail.org,MemberPassword1022
lily.walker684@community.org,MemberPassword1023
madison.walker769@learners.net,MemberPassword1024
mateo.walker458@community.org,MemberPassword1025
natalie.walker897@studentmail.org,MemberPassword1026
oliver.walker104@community.org,MemberPassword1027
oliver.walker894@ellarises.org,MemberPassword1028
scarlett.walker555@ellarises.org,MemberPassword1029
sofia.walker455@community.org,MemberPassword1030
sophia.walker495@studentmail.org,MemberPassword1031
violet.walker662@community.org,MemberPassword1032
alexander.white1131@learners.net,MemberPassword1033
ava.white975@ellarises.org,MemberPassword1034
avery.white193@community.org,MemberPassword1035
avery.white787@ellarises.org,MemberPassword1036
avery.white1011@ellarises.org,MemberPassword1037
bella.white41@ellarises.org,MemberPassword1038
charlotte.white417@studentmail.org,MemberPassword1039
claire.white654@community.org,MemberPassword1040
ella.white668@ellarises.org,MemberPassword1041
emily.white725@learners.net,MemberPassword1042
emily.white1098@learners.net,MemberPassword1043
harper.white809@studentmail.org,MemberPassword1044
henry.white1083@ellarises.org,MemberPassword1045
isabella.white130@studentmail.org,MemberPassword1046
jackson.white194@learners.net,MemberPassword1047
james.white301@ellarises.org,MemberPassword1048
kennedy.white1136@community.org,MemberPassword1049
lillian.white979@learners.net,MemberPassword1050
lily.white167@learners.net,MemberPassword1051
lucas.white268@ellarises.org,MemberPassword1052
lucy.white558@learners.net,MemberPassword1053
michael.white415@ellarises.org,MemberPassword1054
michael.white908@ellarises.org,MemberPassword1055
nora.white618@studentmail.org,MemberPassword1056
nora.white49@community.org,MemberPassword1057
oliver.white256@community.org,MemberPassword1058
oliver.white346@studentmail.org,MemberPassword1059
penelope.white331@community.org,MemberPassword1060
scarlett.white507@community.org,MemberPassword1061
skylar.white1132@learners.net,MemberPassword1062
sophia.white205@learners.net,MemberPassword1063
sophia.white996@studentmail.org,MemberPassword1064
william.white1147@studentmail.org,MemberPassword1065
zoe.white553@community.org,MemberPassword1066
zoey.white176@community.org,MemberPassword1067
zoey.white919@community.org,MemberPassword1068
zoey.white1096@studentmail.org,MemberPassword1069
aaliyah.williams863@studentmail.org,MemberPassword1070
abigail.williams913@learners.net,MemberPassword1071
addison.williams229@ellarises.org,MemberPassword1072
addison.williams356@community.org,MemberPassword1073
addison.williams486@learners.net,MemberPassword1074
addison.williams981@studentmail.org,MemberPassword1075
aria.williams652@learners.net,MemberPassword1076
ava.williams436@studentmail.org,MemberPassword1077
avery.williams374@community.org,MemberPassword1078
benjamin.williams973@community.org,MemberPassword1079
camila.williams189@learners.net,MemberPassword1080
chloe.williams536@learners.net,MemberPassword1081
elizabeth.williams1092@studentmail.org,MemberPassword1082
emma.williams625@studentmail.org,MemberPassword1083
emma.williams729@learners.net,MemberPassword1084
harper.williams68@ellarises.org,MemberPassword1085
henry.williams198@studentmail.org,MemberPassword1086
james.williams883@ellarises.org,MemberPassword1087
layla.williams595@studentmail.org,MemberPassword1088
liam.williams1126@learners.net,MemberPassword1089
lucas.williams942@ellarises.org,MemberPassword1090
lucy.williams5@community.org,MemberPassword1091
mia.williams224@studentmail.org,MemberPassword1092
mila.williams465@studentmail.org,MemberPassword1093
natalie.williams221@community.org,MemberPassword1094
natalie.williams698@ellarises.org,MemberPassword1095
noah.williams108@learners.net,MemberPassword1096
oliver.williams467@ellarises.org,MemberPassword1097
olivia.williams1151@studentmail.org,MemberPassword1098
savannah.williams91@studentmail.org,MemberPassword1099
savannah.williams241@ellarises.org,MemberPassword1100
scarlett.williams376@studentmail.org,MemberPassword1101
stella.williams510@studentmail.org,MemberPassword1102
william.williams797@studentmail.org,MemberPassword1103
claire.wilson66@community.org,MemberPassword1104
claire.wilson1130@learners.net,MemberPassword1105
eleanor.wilson1012@ellarises.org,MemberPassword1106
hannah.wilson314@learners.net,MemberPassword1107
harper.wilson489@studentmail.org,MemberPassword1108
hazel.wilson1004@studentmail.org,MemberPassword1109
isabella.wilson985@studentmail.org,MemberPassword1110
james.wilson1112@learners.net,MemberPassword1111
levi.wilson1073@community.org,MemberPassword1112
lucy.wilson212@community.org,MemberPassword1113
mateo.wilson941@studentmail.org,MemberPassword1114
nora.wilson637@ellarises.org,MemberPassword1115
nora.wilson689@learners.net,MemberPassword1116
olivia.wilson278@community.org,MemberPassword1117
sebastian.wilson620@studentmail.org,MemberPassword1118
sofia.wilson796@studentmail.org,MemberPassword1119
stella.wilson368@community.org,MemberPassword1120
aria.wright1095@studentmail.org,MemberPassword1121
aurora.wright410@learners.net,MemberPassword1122
ava.wright279@community.org,MemberPassword1123
avery.wright844@studentmail.org,MemberPassword1124
avery.wright932@studentmail.org,MemberPassword1125
daniel.wright226@community.org,MemberPassword1126
eleanor.wright442@ellarises.org,MemberPassword1127
elijah.wright1108@learners.net,MemberPassword1128
emma.wright956@learners.net,MemberPassword1129
henry.wright324@studentmail.org,MemberPassword1130
isabella.wright523@ellarises.org,MemberPassword1131
isabella.wright991@studentmail.org,MemberPassword1132
jack.wright763@learners.net,MemberPassword1133
james.wright497@ellarises.org,MemberPassword1134
kennedy.wright327@learners.net,MemberPassword1135
kennedy.wright393@community.org,MemberPassword1136
levi.wright570@studentmail.org,MemberPassword1137
liam.wright46@learners.net,MemberPassword1138
mason.wright793@ellarises.org,MemberPassword1139
mateo.wright173@ellarises.org,MemberPassword1140
michael.wright640@community.org,MemberPassword1141
nora.wright1135@studentmail.org,MemberPassword1142
oliver.wright63@studentmail.org,MemberPassword1143
oliver.wright473@learners.net,MemberPassword1144
paisley.wright381@ellarises.org,MemberPassword1145
paisley.wright1154@ellarises.org,MemberPassword1146
penelope.wright1010@learners.net,MemberPassword1147
sebastian.wright1165@studentmail.org,MemberPassword1148
theodore.wright568@learners.net,MemberPassword1149
aaliyah.young556@learners.net,MemberPassword1150
addison.young870@ellarises.org,MemberPassword1151
aria.young765@studentmail.org,MemberPassword1152
aurora.young1123@ellarises.org,MemberPassword1153
aurora.young202@studentmail.org,MemberPassword1154
bella.young579@learners.net,MemberPassword1155
brooklyn.young784@community.org,MemberPassword1156
chloe.young1049@ellarises.org,MemberPassword1157
daniel.young272@community.org,MemberPassword1158
elijah.young1110@community.org,MemberPassword1159
ella.young1157@studentmail.org,MemberPassword1160
evelyn.young354@community.org,MemberPassword1161
hazel.young596@learners.net,MemberPassword1162
jackson.young658@studentmail.org,MemberPassword1163
kennedy.young514@community.org,MemberPassword1164
lillian.young116@studentmail.org,MemberPassword1165
lillian.young345@ellarises.org,MemberPassword1166
lillian.young728@community.org,MemberPassword1167
lillian.young938@community.org,MemberPassword1168
mateo.young38@learners.net,MemberPassword1169
mateo.young954@studentmail.org,MemberPassword1170
oliver.young1120@community.org,MemberPassword1171
penelope.young548@studentmail.org,MemberPassword1172
riley.young201@community.org,MemberPassword1173
scarlett.young109@ellarises.org,MemberPassword1174
violet.young172@studentmail.org,MemberPassword1175
zoey.young545@studentmail.org,MemberPassword1176
